series_id,surface
0,concrete
1,concrete
2,concrete
3,concrete
4,concrete
5,concrete
6,concrete
7,concrete
8,concrete
9,concrete
10,concrete
11,concrete
12,concrete
13,concrete
14,concrete
15,concrete
16,concrete
17,concrete
18,concrete
19,concrete
20,concrete
21,concrete
22,concrete
23,concrete
24,concrete
25,concrete
26,concrete
27,concrete
28,concrete
29,concrete
30,concrete
31,concrete
32,concrete
33,concrete
34,concrete
35,concrete
36,concrete
37,concrete
38,concrete
39,concrete
40,concrete
41,concrete
42,concrete
43,concrete
44,concrete
45,concrete
46,concrete
47,concrete
48,concrete
49,concrete
50,concrete
51,concrete
52,concrete
53,concrete
54,concrete
55,concrete
56,concrete
57,concrete
58,concrete
59,concrete
60,concrete
61,concrete
62,concrete
63,concrete
64,concrete
65,concrete
66,concrete
67,concrete
68,concrete
69,concrete
70,concrete
71,concrete
72,concrete
73,concrete
74,concrete
75,concrete
76,concrete
77,concrete
78,concrete
79,concrete
80,concrete
81,concrete
82,concrete
83,concrete
84,concrete
85,concrete
86,concrete
87,concrete
88,concrete
89,concrete
90,concrete
91,concrete
92,concrete
93,concrete
94,concrete
95,concrete
96,concrete
97,concrete
98,concrete
99,concrete
100,concrete
101,concrete
102,concrete
103,concrete
104,concrete
105,concrete
106,concrete
107,concrete
108,concrete
109,concrete
110,concrete
111,concrete
112,concrete
113,concrete
114,concrete
115,concrete
116,concrete
117,concrete
118,concrete
119,concrete
120,concrete
121,concrete
122,concrete
123,concrete
124,concrete
125,concrete
126,concrete
127,concrete
128,concrete
129,concrete
130,concrete
131,concrete
132,concrete
133,concrete
134,concrete
135,concrete
136,concrete
137,concrete
138,concrete
139,concrete
140,concrete
141,concrete
142,concrete
143,concrete
144,concrete
145,concrete
146,concrete
147,concrete
148,concrete
149,concrete
150,concrete
151,concrete
152,concrete
153,concrete
154,concrete
155,concrete
156,concrete
157,concrete
158,concrete
159,concrete
160,concrete
161,concrete
162,concrete
163,concrete
164,concrete
165,concrete
166,concrete
167,concrete
168,concrete
169,concrete
170,concrete
171,concrete
172,concrete
173,concrete
174,concrete
175,concrete
176,concrete
177,concrete
178,concrete
179,concrete
180,concrete
181,concrete
182,concrete
183,concrete
184,concrete
185,concrete
186,concrete
187,concrete
188,concrete
189,concrete
190,concrete
191,concrete
192,concrete
193,concrete
194,concrete
195,concrete
196,concrete
197,concrete
198,concrete
199,concrete
200,concrete
201,concrete
202,concrete
203,concrete
204,concrete
205,concrete
206,concrete
207,concrete
208,concrete
209,concrete
210,concrete
211,concrete
212,concrete
213,concrete
214,concrete
215,concrete
216,concrete
217,concrete
218,concrete
219,concrete
220,concrete
221,concrete
222,concrete
223,concrete
224,concrete
225,concrete
226,concrete
227,concrete
228,concrete
229,concrete
230,concrete
231,concrete
232,concrete
233,concrete
234,concrete
235,concrete
236,concrete
237,concrete
238,concrete
239,concrete
240,concrete
241,concrete
242,concrete
243,concrete
244,concrete
245,concrete
246,concrete
247,concrete
248,concrete
249,concrete
250,concrete
251,concrete
252,concrete
253,concrete
254,concrete
255,concrete
256,concrete
257,concrete
258,concrete
259,concrete
260,concrete
261,concrete
262,concrete
263,concrete
264,concrete
265,concrete
266,concrete
267,concrete
268,concrete
269,concrete
270,concrete
271,concrete
272,concrete
273,concrete
274,concrete
275,concrete
276,concrete
277,concrete
278,concrete
279,concrete
280,concrete
281,concrete
282,concrete
283,concrete
284,concrete
285,concrete
286,concrete
287,concrete
288,concrete
289,concrete
290,concrete
291,concrete
292,concrete
293,concrete
294,concrete
295,concrete
296,concrete
297,concrete
298,concrete
299,concrete
300,concrete
301,concrete
302,concrete
303,concrete
304,concrete
305,concrete
306,concrete
307,concrete
308,concrete
309,concrete
310,concrete
311,concrete
312,concrete
313,concrete
314,concrete
315,concrete
316,concrete
317,concrete
318,concrete
319,concrete
320,concrete
321,concrete
322,concrete
323,concrete
324,concrete
325,concrete
326,concrete
327,concrete
328,concrete
329,concrete
330,concrete
331,concrete
332,concrete
333,concrete
334,concrete
335,concrete
336,concrete
337,concrete
338,concrete
339,concrete
340,concrete
341,concrete
342,concrete
343,concrete
344,concrete
345,concrete
346,concrete
347,concrete
348,concrete
349,concrete
350,concrete
351,concrete
352,concrete
353,concrete
354,concrete
355,concrete
356,concrete
357,concrete
358,concrete
359,concrete
360,concrete
361,concrete
362,concrete
363,concrete
364,concrete
365,concrete
366,concrete
367,concrete
368,concrete
369,concrete
370,concrete
371,concrete
372,concrete
373,concrete
374,concrete
375,concrete
376,concrete
377,concrete
378,concrete
379,concrete
380,concrete
381,concrete
382,concrete
383,concrete
384,concrete
385,concrete
386,concrete
387,concrete
388,concrete
389,concrete
390,concrete
391,concrete
392,concrete
393,concrete
394,concrete
395,concrete
396,concrete
397,concrete
398,concrete
399,concrete
400,concrete
401,concrete
402,concrete
403,concrete
404,concrete
405,concrete
406,concrete
407,concrete
408,concrete
409,concrete
410,concrete
411,concrete
412,concrete
413,concrete
414,concrete
415,concrete
416,concrete
417,concrete
418,concrete
419,concrete
420,concrete
421,concrete
422,concrete
423,concrete
424,concrete
425,concrete
426,concrete
427,concrete
428,concrete
429,concrete
430,concrete
431,concrete
432,concrete
433,concrete
434,concrete
435,concrete
436,concrete
437,concrete
438,concrete
439,concrete
440,concrete
441,concrete
442,concrete
443,concrete
444,concrete
445,concrete
446,concrete
447,concrete
448,concrete
449,concrete
450,concrete
451,concrete
452,concrete
453,concrete
454,concrete
455,concrete
456,concrete
457,concrete
458,concrete
459,concrete
460,concrete
461,concrete
462,concrete
463,concrete
464,concrete
465,concrete
466,concrete
467,concrete
468,concrete
469,concrete
470,concrete
471,concrete
472,concrete
473,concrete
474,concrete
475,concrete
476,concrete
477,concrete
478,concrete
479,concrete
480,concrete
481,concrete
482,concrete
483,concrete
484,concrete
485,concrete
486,concrete
487,concrete
488,concrete
489,concrete
490,concrete
491,concrete
492,concrete
493,concrete
494,concrete
495,concrete
496,concrete
497,concrete
498,concrete
499,concrete
500,concrete
501,concrete
502,concrete
503,concrete
504,concrete
505,concrete
506,concrete
507,concrete
508,concrete
509,concrete
510,concrete
511,concrete
512,concrete
513,concrete
514,concrete
515,concrete
516,concrete
517,concrete
518,concrete
519,concrete
520,concrete
521,concrete
522,concrete
523,concrete
524,concrete
525,concrete
526,concrete
527,concrete
528,concrete
529,concrete
530,concrete
531,concrete
532,concrete
533,concrete
534,concrete
535,concrete
536,concrete
537,concrete
538,concrete
539,concrete
540,concrete
541,concrete
542,concrete
543,concrete
544,concrete
545,concrete
546,concrete
547,concrete
548,concrete
549,concrete
550,concrete
551,concrete
552,concrete
553,concrete
554,concrete
555,concrete
556,concrete
557,concrete
558,concrete
559,concrete
560,concrete
561,concrete
562,concrete
563,concrete
564,concrete
565,concrete
566,concrete
567,concrete
568,concrete
569,concrete
570,concrete
571,concrete
572,concrete
573,concrete
574,concrete
575,concrete
576,concrete
577,concrete
578,concrete
579,concrete
580,concrete
581,concrete
582,concrete
583,concrete
584,concrete
585,concrete
586,concrete
587,concrete
588,concrete
589,concrete
590,concrete
591,concrete
592,concrete
593,concrete
594,concrete
595,concrete
596,concrete
597,concrete
598,concrete
599,concrete
600,concrete
601,concrete
602,concrete
603,concrete
604,concrete
605,concrete
606,concrete
607,concrete
608,concrete
609,concrete
610,concrete
611,concrete
612,concrete
613,concrete
614,concrete
615,concrete
616,concrete
617,concrete
618,concrete
619,concrete
620,concrete
621,concrete
622,concrete
623,concrete
624,concrete
625,concrete
626,concrete
627,concrete
628,concrete
629,concrete
630,concrete
631,concrete
632,concrete
633,concrete
634,concrete
635,concrete
636,concrete
637,concrete
638,concrete
639,concrete
640,concrete
641,concrete
642,concrete
643,concrete
644,concrete
645,concrete
646,concrete
647,concrete
648,concrete
649,concrete
650,concrete
651,concrete
652,concrete
653,concrete
654,concrete
655,concrete
656,concrete
657,concrete
658,concrete
659,concrete
660,concrete
661,concrete
662,concrete
663,concrete
664,concrete
665,concrete
666,concrete
667,concrete
668,concrete
669,concrete
670,concrete
671,concrete
672,concrete
673,concrete
674,concrete
675,concrete
676,concrete
677,concrete
678,concrete
679,concrete
680,concrete
681,concrete
682,concrete
683,concrete
684,concrete
685,concrete
686,concrete
687,concrete
688,concrete
689,concrete
690,concrete
691,concrete
692,concrete
693,concrete
694,concrete
695,concrete
696,concrete
697,concrete
698,concrete
699,concrete
700,concrete
701,concrete
702,concrete
703,concrete
704,concrete
705,concrete
706,concrete
707,concrete
708,concrete
709,concrete
710,concrete
711,concrete
712,concrete
713,concrete
714,concrete
715,concrete
716,concrete
717,concrete
718,concrete
719,concrete
720,concrete
721,concrete
722,concrete
723,concrete
724,concrete
725,concrete
726,concrete
727,concrete
728,concrete
729,concrete
730,concrete
731,concrete
732,concrete
733,concrete
734,concrete
735,concrete
736,concrete
737,concrete
738,concrete
739,concrete
740,concrete
741,concrete
742,concrete
743,concrete
744,concrete
745,concrete
746,concrete
747,concrete
748,concrete
749,concrete
750,concrete
751,concrete
752,concrete
753,concrete
754,concrete
755,concrete
756,concrete
757,concrete
758,concrete
759,concrete
760,concrete
761,concrete
762,concrete
763,concrete
764,concrete
765,concrete
766,concrete
767,concrete
768,concrete
769,concrete
770,concrete
771,concrete
772,concrete
773,concrete
774,concrete
775,concrete
776,concrete
777,concrete
778,concrete
779,concrete
780,concrete
781,concrete
782,concrete
783,concrete
784,concrete
785,concrete
786,concrete
787,concrete
788,concrete
789,concrete
790,concrete
791,concrete
792,concrete
793,concrete
794,concrete
795,concrete
796,concrete
797,concrete
798,concrete
799,concrete
800,concrete
801,concrete
802,concrete
803,concrete
804,concrete
805,concrete
806,concrete
807,concrete
808,concrete
809,concrete
810,concrete
811,concrete
812,concrete
813,concrete
814,concrete
815,concrete
816,concrete
817,concrete
818,concrete
819,concrete
820,concrete
821,concrete
822,concrete
823,concrete
824,concrete
825,concrete
826,concrete
827,concrete
828,concrete
829,concrete
830,concrete
831,concrete
832,concrete
833,concrete
834,concrete
835,concrete
836,concrete
837,concrete
838,concrete
839,concrete
840,concrete
841,concrete
842,concrete
843,concrete
844,concrete
845,concrete
846,concrete
847,concrete
848,concrete
849,concrete
850,concrete
851,concrete
852,concrete
853,concrete
854,concrete
855,concrete
856,concrete
857,concrete
858,concrete
859,concrete
860,concrete
861,concrete
862,concrete
863,concrete
864,concrete
865,concrete
866,concrete
867,concrete
868,concrete
869,concrete
870,concrete
871,concrete
872,concrete
873,concrete
874,concrete
875,concrete
876,concrete
877,concrete
878,concrete
879,concrete
880,concrete
881,concrete
882,concrete
883,concrete
884,concrete
885,concrete
886,concrete
887,concrete
888,concrete
889,concrete
890,concrete
891,concrete
892,concrete
893,concrete
894,concrete
895,concrete
896,concrete
897,concrete
898,concrete
899,concrete
900,concrete
901,concrete
902,concrete
903,concrete
904,concrete
905,concrete
906,concrete
907,concrete
908,concrete
909,concrete
910,concrete
911,concrete
912,concrete
913,concrete
914,concrete
915,concrete
916,concrete
917,concrete
918,concrete
919,concrete
920,concrete
921,concrete
922,concrete
923,concrete
924,concrete
925,concrete
926,concrete
927,concrete
928,concrete
929,concrete
930,concrete
931,concrete
932,concrete
933,concrete
934,concrete
935,concrete
936,concrete
937,concrete
938,concrete
939,concrete
940,concrete
941,concrete
942,concrete
943,concrete
944,concrete
945,concrete
946,concrete
947,concrete
948,concrete
949,concrete
950,concrete
951,concrete
952,concrete
953,concrete
954,concrete
955,concrete
956,concrete
957,concrete
958,concrete
959,concrete
960,concrete
961,concrete
962,concrete
963,concrete
964,concrete
965,concrete
966,concrete
967,concrete
968,concrete
969,concrete
970,concrete
971,concrete
972,concrete
973,concrete
974,concrete
975,concrete
976,concrete
977,concrete
978,concrete
979,concrete
980,concrete
981,concrete
982,concrete
983,concrete
984,concrete
985,concrete
986,concrete
987,concrete
988,concrete
989,concrete
990,concrete
991,concrete
992,concrete
993,concrete
994,concrete
995,concrete
996,concrete
997,concrete
998,concrete
999,concrete
1000,concrete
1001,concrete
1002,concrete
1003,concrete
1004,concrete
1005,concrete
1006,concrete
1007,concrete
1008,concrete
1009,concrete
1010,concrete
1011,concrete
1012,concrete
1013,concrete
1014,concrete
1015,concrete
1016,concrete
1017,concrete
1018,concrete
1019,concrete
1020,concrete
1021,concrete
1022,concrete
1023,concrete
1024,concrete
1025,concrete
1026,concrete
1027,concrete
1028,concrete
1029,concrete
1030,concrete
1031,concrete
1032,concrete
1033,concrete
1034,concrete
1035,concrete
1036,concrete
1037,concrete
1038,concrete
1039,concrete
1040,concrete
1041,concrete
1042,concrete
1043,concrete
1044,concrete
1045,concrete
1046,concrete
1047,concrete
1048,concrete
1049,concrete
1050,concrete
1051,concrete
1052,concrete
1053,concrete
1054,concrete
1055,concrete
1056,concrete
1057,concrete
1058,concrete
1059,concrete
1060,concrete
1061,concrete
1062,concrete
1063,concrete
1064,concrete
1065,concrete
1066,concrete
1067,concrete
1068,concrete
1069,concrete
1070,concrete
1071,concrete
1072,concrete
1073,concrete
1074,concrete
1075,concrete
1076,concrete
1077,concrete
1078,concrete
1079,concrete
1080,concrete
1081,concrete
1082,concrete
1083,concrete
1084,concrete
1085,concrete
1086,concrete
1087,concrete
1088,concrete
1089,concrete
1090,concrete
1091,concrete
1092,concrete
1093,concrete
1094,concrete
1095,concrete
1096,concrete
1097,concrete
1098,concrete
1099,concrete
1100,concrete
1101,concrete
1102,concrete
1103,concrete
1104,concrete
1105,concrete
1106,concrete
1107,concrete
1108,concrete
1109,concrete
1110,concrete
1111,concrete
1112,concrete
1113,concrete
1114,concrete
1115,concrete
1116,concrete
1117,concrete
1118,concrete
1119,concrete
1120,concrete
1121,concrete
1122,concrete
1123,concrete
1124,concrete
1125,concrete
1126,concrete
1127,concrete
1128,concrete
1129,concrete
1130,concrete
1131,concrete
1132,concrete
1133,concrete
1134,concrete
1135,concrete
1136,concrete
1137,concrete
1138,concrete
1139,concrete
1140,concrete
1141,concrete
1142,concrete
1143,concrete
1144,concrete
1145,concrete
1146,concrete
1147,concrete
1148,concrete
1149,concrete
1150,concrete
1151,concrete
1152,concrete
1153,concrete
1154,concrete
1155,concrete
1156,concrete
1157,concrete
1158,concrete
1159,concrete
1160,concrete
1161,concrete
1162,concrete
1163,concrete
1164,concrete
1165,concrete
1166,concrete
1167,concrete
1168,concrete
1169,concrete
1170,concrete
1171,concrete
1172,concrete
1173,concrete
1174,concrete
1175,concrete
1176,concrete
1177,concrete
1178,concrete
1179,concrete
1180,concrete
1181,concrete
1182,concrete
1183,concrete
1184,concrete
1185,concrete
1186,concrete
1187,concrete
1188,concrete
1189,concrete
1190,concrete
1191,concrete
1192,concrete
1193,concrete
1194,concrete
1195,concrete
1196,concrete
1197,concrete
1198,concrete
1199,concrete
1200,concrete
1201,concrete
1202,concrete
1203,concrete
1204,concrete
1205,concrete
1206,concrete
1207,concrete
1208,concrete
1209,concrete
1210,concrete
1211,concrete
1212,concrete
1213,concrete
1214,concrete
1215,concrete
1216,concrete
1217,concrete
1218,concrete
1219,concrete
1220,concrete
1221,concrete
1222,concrete
1223,concrete
1224,concrete
1225,concrete
1226,concrete
1227,concrete
1228,concrete
1229,concrete
1230,concrete
1231,concrete
1232,concrete
1233,concrete
1234,concrete
1235,concrete
1236,concrete
1237,concrete
1238,concrete
1239,concrete
1240,concrete
1241,concrete
1242,concrete
1243,concrete
1244,concrete
1245,concrete
1246,concrete
1247,concrete
1248,concrete
1249,concrete
1250,concrete
1251,concrete
1252,concrete
1253,concrete
1254,concrete
1255,concrete
1256,concrete
1257,concrete
1258,concrete
1259,concrete
1260,concrete
1261,concrete
1262,concrete
1263,concrete
1264,concrete
1265,concrete
1266,concrete
1267,concrete
1268,concrete
1269,concrete
1270,concrete
1271,concrete
1272,concrete
1273,concrete
1274,concrete
1275,concrete
1276,concrete
1277,concrete
1278,concrete
1279,concrete
1280,concrete
1281,concrete
1282,concrete
1283,concrete
1284,concrete
1285,concrete
1286,concrete
1287,concrete
1288,concrete
1289,concrete
1290,concrete
1291,concrete
1292,concrete
1293,concrete
1294,concrete
1295,concrete
1296,concrete
1297,concrete
1298,concrete
1299,concrete
1300,concrete
1301,concrete
1302,concrete
1303,concrete
1304,concrete
1305,concrete
1306,concrete
1307,concrete
1308,concrete
1309,concrete
1310,concrete
1311,concrete
1312,concrete
1313,concrete
1314,concrete
1315,concrete
1316,concrete
1317,concrete
1318,concrete
1319,concrete
1320,concrete
1321,concrete
1322,concrete
1323,concrete
1324,concrete
1325,concrete
1326,concrete
1327,concrete
1328,concrete
1329,concrete
1330,concrete
1331,concrete
1332,concrete
1333,concrete
1334,concrete
1335,concrete
1336,concrete
1337,concrete
1338,concrete
1339,concrete
1340,concrete
1341,concrete
1342,concrete
1343,concrete
1344,concrete
1345,concrete
1346,concrete
1347,concrete
1348,concrete
1349,concrete
1350,concrete
1351,concrete
1352,concrete
1353,concrete
1354,concrete
1355,concrete
1356,concrete
1357,concrete
1358,concrete
1359,concrete
1360,concrete
1361,concrete
1362,concrete
1363,concrete
1364,concrete
1365,concrete
1366,concrete
1367,concrete
1368,concrete
1369,concrete
1370,concrete
1371,concrete
1372,concrete
1373,concrete
1374,concrete
1375,concrete
1376,concrete
1377,concrete
1378,concrete
1379,concrete
1380,concrete
1381,concrete
1382,concrete
1383,concrete
1384,concrete
1385,concrete
1386,concrete
1387,concrete
1388,concrete
1389,concrete
1390,concrete
1391,concrete
1392,concrete
1393,concrete
1394,concrete
1395,concrete
1396,concrete
1397,concrete
1398,concrete
1399,concrete
1400,concrete
1401,concrete
1402,concrete
1403,concrete
1404,concrete
1405,concrete
1406,concrete
1407,concrete
1408,concrete
1409,concrete
1410,concrete
1411,concrete
1412,concrete
1413,concrete
1414,concrete
1415,concrete
1416,concrete
1417,concrete
1418,concrete
1419,concrete
1420,concrete
1421,concrete
1422,concrete
1423,concrete
1424,concrete
1425,concrete
1426,concrete
1427,concrete
1428,concrete
1429,concrete
1430,concrete
1431,concrete
1432,concrete
1433,concrete
1434,concrete
1435,concrete
1436,concrete
1437,concrete
1438,concrete
1439,concrete
1440,concrete
1441,concrete
1442,concrete
1443,concrete
1444,concrete
1445,concrete
1446,concrete
1447,concrete
1448,concrete
1449,concrete
1450,concrete
1451,concrete
1452,concrete
1453,concrete
1454,concrete
1455,concrete
1456,concrete
1457,concrete
1458,concrete
1459,concrete
1460,concrete
1461,concrete
1462,concrete
1463,concrete
1464,concrete
1465,concrete
1466,concrete
1467,concrete
1468,concrete
1469,concrete
1470,concrete
1471,concrete
1472,concrete
1473,concrete
1474,concrete
1475,concrete
1476,concrete
1477,concrete
1478,concrete
1479,concrete
1480,concrete
1481,concrete
1482,concrete
1483,concrete
1484,concrete
1485,concrete
1486,concrete
1487,concrete
1488,concrete
1489,concrete
1490,concrete
1491,concrete
1492,concrete
1493,concrete
1494,concrete
1495,concrete
1496,concrete
1497,concrete
1498,concrete
1499,concrete
1500,concrete
1501,concrete
1502,concrete
1503,concrete
1504,concrete
1505,concrete
1506,concrete
1507,concrete
1508,concrete
1509,concrete
1510,concrete
1511,concrete
1512,concrete
1513,concrete
1514,concrete
1515,concrete
1516,concrete
1517,concrete
1518,concrete
1519,concrete
1520,concrete
1521,concrete
1522,concrete
1523,concrete
1524,concrete
1525,concrete
1526,concrete
1527,concrete
1528,concrete
1529,concrete
1530,concrete
1531,concrete
1532,concrete
1533,concrete
1534,concrete
1535,concrete
1536,concrete
1537,concrete
1538,concrete
1539,concrete
1540,concrete
1541,concrete
1542,concrete
1543,concrete
1544,concrete
1545,concrete
1546,concrete
1547,concrete
1548,concrete
1549,concrete
1550,concrete
1551,concrete
1552,concrete
1553,concrete
1554,concrete
1555,concrete
1556,concrete
1557,concrete
1558,concrete
1559,concrete
1560,concrete
1561,concrete
1562,concrete
1563,concrete
1564,concrete
1565,concrete
1566,concrete
1567,concrete
1568,concrete
1569,concrete
1570,concrete
1571,concrete
1572,concrete
1573,concrete
1574,concrete
1575,concrete
1576,concrete
1577,concrete
1578,concrete
1579,concrete
1580,concrete
1581,concrete
1582,concrete
1583,concrete
1584,concrete
1585,concrete
1586,concrete
1587,concrete
1588,concrete
1589,concrete
1590,concrete
1591,concrete
1592,concrete
1593,concrete
1594,concrete
1595,concrete
1596,concrete
1597,concrete
1598,concrete
1599,concrete
1600,concrete
1601,concrete
1602,concrete
1603,concrete
1604,concrete
1605,concrete
1606,concrete
1607,concrete
1608,concrete
1609,concrete
1610,concrete
1611,concrete
1612,concrete
1613,concrete
1614,concrete
1615,concrete
1616,concrete
1617,concrete
1618,concrete
1619,concrete
1620,concrete
1621,concrete
1622,concrete
1623,concrete
1624,concrete
1625,concrete
1626,concrete
1627,concrete
1628,concrete
1629,concrete
1630,concrete
1631,concrete
1632,concrete
1633,concrete
1634,concrete
1635,concrete
1636,concrete
1637,concrete
1638,concrete
1639,concrete
1640,concrete
1641,concrete
1642,concrete
1643,concrete
1644,concrete
1645,concrete
1646,concrete
1647,concrete
1648,concrete
1649,concrete
1650,concrete
1651,concrete
1652,concrete
1653,concrete
1654,concrete
1655,concrete
1656,concrete
1657,concrete
1658,concrete
1659,concrete
1660,concrete
1661,concrete
1662,concrete
1663,concrete
1664,concrete
1665,concrete
1666,concrete
1667,concrete
1668,concrete
1669,concrete
1670,concrete
1671,concrete
1672,concrete
1673,concrete
1674,concrete
1675,concrete
1676,concrete
1677,concrete
1678,concrete
1679,concrete
1680,concrete
1681,concrete
1682,concrete
1683,concrete
1684,concrete
1685,concrete
1686,concrete
1687,concrete
1688,concrete
1689,concrete
1690,concrete
1691,concrete
1692,concrete
1693,concrete
1694,concrete
1695,concrete
1696,concrete
1697,concrete
1698,concrete
1699,concrete
1700,concrete
1701,concrete
1702,concrete
1703,concrete
1704,concrete
1705,concrete
1706,concrete
1707,concrete
1708,concrete
1709,concrete
1710,concrete
1711,concrete
1712,concrete
1713,concrete
1714,concrete
1715,concrete
1716,concrete
1717,concrete
1718,concrete
1719,concrete
1720,concrete
1721,concrete
1722,concrete
1723,concrete
1724,concrete
1725,concrete
1726,concrete
1727,concrete
1728,concrete
1729,concrete
1730,concrete
1731,concrete
1732,concrete
1733,concrete
1734,concrete
1735,concrete
1736,concrete
1737,concrete
1738,concrete
1739,concrete
1740,concrete
1741,concrete
1742,concrete
1743,concrete
1744,concrete
1745,concrete
1746,concrete
1747,concrete
1748,concrete
1749,concrete
1750,concrete
1751,concrete
1752,concrete
1753,concrete
1754,concrete
1755,concrete
1756,concrete
1757,concrete
1758,concrete
1759,concrete
1760,concrete
1761,concrete
1762,concrete
1763,concrete
1764,concrete
1765,concrete
1766,concrete
1767,concrete
1768,concrete
1769,concrete
1770,concrete
1771,concrete
1772,concrete
1773,concrete
1774,concrete
1775,concrete
1776,concrete
1777,concrete
1778,concrete
1779,concrete
1780,concrete
1781,concrete
1782,concrete
1783,concrete
1784,concrete
1785,concrete
1786,concrete
1787,concrete
1788,concrete
1789,concrete
1790,concrete
1791,concrete
1792,concrete
1793,concrete
1794,concrete
1795,concrete
1796,concrete
1797,concrete
1798,concrete
1799,concrete
1800,concrete
1801,concrete
1802,concrete
1803,concrete
1804,concrete
1805,concrete
1806,concrete
1807,concrete
1808,concrete
1809,concrete
1810,concrete
1811,concrete
1812,concrete
1813,concrete
1814,concrete
1815,concrete
1816,concrete
1817,concrete
1818,concrete
1819,concrete
1820,concrete
1821,concrete
1822,concrete
1823,concrete
1824,concrete
1825,concrete
1826,concrete
1827,concrete
1828,concrete
1829,concrete
1830,concrete
1831,concrete
1832,concrete
1833,concrete
1834,concrete
1835,concrete
1836,concrete
1837,concrete
1838,concrete
1839,concrete
1840,concrete
1841,concrete
1842,concrete
1843,concrete
1844,concrete
1845,concrete
1846,concrete
1847,concrete
1848,concrete
1849,concrete
1850,concrete
1851,concrete
1852,concrete
1853,concrete
1854,concrete
1855,concrete
1856,concrete
1857,concrete
1858,concrete
1859,concrete
1860,concrete
1861,concrete
1862,concrete
1863,concrete
1864,concrete
1865,concrete
1866,concrete
1867,concrete
1868,concrete
1869,concrete
1870,concrete
1871,concrete
1872,concrete
1873,concrete
1874,concrete
1875,concrete
1876,concrete
1877,concrete
1878,concrete
1879,concrete
1880,concrete
1881,concrete
1882,concrete
1883,concrete
1884,concrete
1885,concrete
1886,concrete
1887,concrete
1888,concrete
1889,concrete
1890,concrete
1891,concrete
1892,concrete
1893,concrete
1894,concrete
1895,concrete
1896,concrete
1897,concrete
1898,concrete
1899,concrete
1900,concrete
1901,concrete
1902,concrete
1903,concrete
1904,concrete
1905,concrete
1906,concrete
1907,concrete
1908,concrete
1909,concrete
1910,concrete
1911,concrete
1912,concrete
1913,concrete
1914,concrete
1915,concrete
1916,concrete
1917,concrete
1918,concrete
1919,concrete
1920,concrete
1921,concrete
1922,concrete
1923,concrete
1924,concrete
1925,concrete
1926,concrete
1927,concrete
1928,concrete
1929,concrete
1930,concrete
1931,concrete
1932,concrete
1933,concrete
1934,concrete
1935,concrete
1936,concrete
1937,concrete
1938,concrete
1939,concrete
1940,concrete
1941,concrete
1942,concrete
1943,concrete
1944,concrete
1945,concrete
1946,concrete
1947,concrete
1948,concrete
1949,concrete
1950,concrete
1951,concrete
1952,concrete
1953,concrete
1954,concrete
1955,concrete
1956,concrete
1957,concrete
1958,concrete
1959,concrete
1960,concrete
1961,concrete
1962,concrete
1963,concrete
1964,concrete
1965,concrete
1966,concrete
1967,concrete
1968,concrete
1969,concrete
1970,concrete
1971,concrete
1972,concrete
1973,concrete
1974,concrete
1975,concrete
1976,concrete
1977,concrete
1978,concrete
1979,concrete
1980,concrete
1981,concrete
1982,concrete
1983,concrete
1984,concrete
1985,concrete
1986,concrete
1987,concrete
1988,concrete
1989,concrete
1990,concrete
1991,concrete
1992,concrete
1993,concrete
1994,concrete
1995,concrete
1996,concrete
1997,concrete
1998,concrete
1999,concrete
2000,concrete
2001,concrete
2002,concrete
2003,concrete
2004,concrete
2005,concrete
2006,concrete
2007,concrete
2008,concrete
2009,concrete
2010,concrete
2011,concrete
2012,concrete
2013,concrete
2014,concrete
2015,concrete
2016,concrete
2017,concrete
2018,concrete
2019,concrete
2020,concrete
2021,concrete
2022,concrete
2023,concrete
2024,concrete
2025,concrete
2026,concrete
2027,concrete
2028,concrete
2029,concrete
2030,concrete
2031,concrete
2032,concrete
2033,concrete
2034,concrete
2035,concrete
2036,concrete
2037,concrete
2038,concrete
2039,concrete
2040,concrete
2041,concrete
2042,concrete
2043,concrete
2044,concrete
2045,concrete
2046,concrete
2047,concrete
2048,concrete
2049,concrete
2050,concrete
2051,concrete
2052,concrete
2053,concrete
2054,concrete
2055,concrete
2056,concrete
2057,concrete
2058,concrete
2059,concrete
2060,concrete
2061,concrete
2062,concrete
2063,concrete
2064,concrete
2065,concrete
2066,concrete
2067,concrete
2068,concrete
2069,concrete
2070,concrete
2071,concrete
2072,concrete
2073,concrete
2074,concrete
2075,concrete
2076,concrete
2077,concrete
2078,concrete
2079,concrete
2080,concrete
2081,concrete
2082,concrete
2083,concrete
2084,concrete
2085,concrete
2086,concrete
2087,concrete
2088,concrete
2089,concrete
2090,concrete
2091,concrete
2092,concrete
2093,concrete
2094,concrete
2095,concrete
2096,concrete
2097,concrete
2098,concrete
2099,concrete
2100,concrete
2101,concrete
2102,concrete
2103,concrete
2104,concrete
2105,concrete
2106,concrete
2107,concrete
2108,concrete
2109,concrete
2110,concrete
2111,concrete
2112,concrete
2113,concrete
2114,concrete
2115,concrete
2116,concrete
2117,concrete
2118,concrete
2119,concrete
2120,concrete
2121,concrete
2122,concrete
2123,concrete
2124,concrete
2125,concrete
2126,concrete
2127,concrete
2128,concrete
2129,concrete
2130,concrete
2131,concrete
2132,concrete
2133,concrete
2134,concrete
2135,concrete
2136,concrete
2137,concrete
2138,concrete
2139,concrete
2140,concrete
2141,concrete
2142,concrete
2143,concrete
2144,concrete
2145,concrete
2146,concrete
2147,concrete
2148,concrete
2149,concrete
2150,concrete
2151,concrete
2152,concrete
2153,concrete
2154,concrete
2155,concrete
2156,concrete
2157,concrete
2158,concrete
2159,concrete
2160,concrete
2161,concrete
2162,concrete
2163,concrete
2164,concrete
2165,concrete
2166,concrete
2167,concrete
2168,concrete
2169,concrete
2170,concrete
2171,concrete
2172,concrete
2173,concrete
2174,concrete
2175,concrete
2176,concrete
2177,concrete
2178,concrete
2179,concrete
2180,concrete
2181,concrete
2182,concrete
2183,concrete
2184,concrete
2185,concrete
2186,concrete
2187,concrete
2188,concrete
2189,concrete
2190,concrete
2191,concrete
2192,concrete
2193,concrete
2194,concrete
2195,concrete
2196,concrete
2197,concrete
2198,concrete
2199,concrete
2200,concrete
2201,concrete
2202,concrete
2203,concrete
2204,concrete
2205,concrete
2206,concrete
2207,concrete
2208,concrete
2209,concrete
2210,concrete
2211,concrete
2212,concrete
2213,concrete
2214,concrete
2215,concrete
2216,concrete
2217,concrete
2218,concrete
2219,concrete
2220,concrete
2221,concrete
2222,concrete
2223,concrete
2224,concrete
2225,concrete
2226,concrete
2227,concrete
2228,concrete
2229,concrete
2230,concrete
2231,concrete
2232,concrete
2233,concrete
2234,concrete
2235,concrete
2236,concrete
2237,concrete
2238,concrete
2239,concrete
2240,concrete
2241,concrete
2242,concrete
2243,concrete
2244,concrete
2245,concrete
2246,concrete
2247,concrete
2248,concrete
2249,concrete
2250,concrete
2251,concrete
2252,concrete
2253,concrete
2254,concrete
2255,concrete
2256,concrete
2257,concrete
2258,concrete
2259,concrete
2260,concrete
2261,concrete
2262,concrete
2263,concrete
2264,concrete
2265,concrete
2266,concrete
2267,concrete
2268,concrete
2269,concrete
2270,concrete
2271,concrete
2272,concrete
2273,concrete
2274,concrete
2275,concrete
2276,concrete
2277,concrete
2278,concrete
2279,concrete
2280,concrete
2281,concrete
2282,concrete
2283,concrete
2284,concrete
2285,concrete
2286,concrete
2287,concrete
2288,concrete
2289,concrete
2290,concrete
2291,concrete
2292,concrete
2293,concrete
2294,concrete
2295,concrete
2296,concrete
2297,concrete
2298,concrete
2299,concrete
2300,concrete
2301,concrete
2302,concrete
2303,concrete
2304,concrete
2305,concrete
2306,concrete
2307,concrete
2308,concrete
2309,concrete
2310,concrete
2311,concrete
2312,concrete
2313,concrete
2314,concrete
2315,concrete
2316,concrete
2317,concrete
2318,concrete
2319,concrete
2320,concrete
2321,concrete
2322,concrete
2323,concrete
2324,concrete
2325,concrete
2326,concrete
2327,concrete
2328,concrete
2329,concrete
2330,concrete
2331,concrete
2332,concrete
2333,concrete
2334,concrete
2335,concrete
2336,concrete
2337,concrete
2338,concrete
2339,concrete
2340,concrete
2341,concrete
2342,concrete
2343,concrete
2344,concrete
2345,concrete
2346,concrete
2347,concrete
2348,concrete
2349,concrete
2350,concrete
2351,concrete
2352,concrete
2353,concrete
2354,concrete
2355,concrete
2356,concrete
2357,concrete
2358,concrete
2359,concrete
2360,concrete
2361,concrete
2362,concrete
2363,concrete
2364,concrete
2365,concrete
2366,concrete
2367,concrete
2368,concrete
2369,concrete
2370,concrete
2371,concrete
2372,concrete
2373,concrete
2374,concrete
2375,concrete
2376,concrete
2377,concrete
2378,concrete
2379,concrete
2380,concrete
2381,concrete
2382,concrete
2383,concrete
2384,concrete
2385,concrete
2386,concrete
2387,concrete
2388,concrete
2389,concrete
2390,concrete
2391,concrete
2392,concrete
2393,concrete
2394,concrete
2395,concrete
2396,concrete
2397,concrete
2398,concrete
2399,concrete
2400,concrete
2401,concrete
2402,concrete
2403,concrete
2404,concrete
2405,concrete
2406,concrete
2407,concrete
2408,concrete
2409,concrete
2410,concrete
2411,concrete
2412,concrete
2413,concrete
2414,concrete
2415,concrete
2416,concrete
2417,concrete
2418,concrete
2419,concrete
2420,concrete
2421,concrete
2422,concrete
2423,concrete
2424,concrete
2425,concrete
2426,concrete
2427,concrete
2428,concrete
2429,concrete
2430,concrete
2431,concrete
2432,concrete
2433,concrete
2434,concrete
2435,concrete
2436,concrete
2437,concrete
2438,concrete
2439,concrete
2440,concrete
2441,concrete
2442,concrete
2443,concrete
2444,concrete
2445,concrete
2446,concrete
2447,concrete
2448,concrete
2449,concrete
2450,concrete
2451,concrete
2452,concrete
2453,concrete
2454,concrete
2455,concrete
2456,concrete
2457,concrete
2458,concrete
2459,concrete
2460,concrete
2461,concrete
2462,concrete
2463,concrete
2464,concrete
2465,concrete
2466,concrete
2467,concrete
2468,concrete
2469,concrete
2470,concrete
2471,concrete
2472,concrete
2473,concrete
2474,concrete
2475,concrete
2476,concrete
2477,concrete
2478,concrete
2479,concrete
2480,concrete
2481,concrete
2482,concrete
2483,concrete
2484,concrete
2485,concrete
2486,concrete
2487,concrete
2488,concrete
2489,concrete
2490,concrete
2491,concrete
2492,concrete
2493,concrete
2494,concrete
2495,concrete
2496,concrete
2497,concrete
2498,concrete
2499,concrete
2500,concrete
2501,concrete
2502,concrete
2503,concrete
2504,concrete
2505,concrete
2506,concrete
2507,concrete
2508,concrete
2509,concrete
2510,concrete
2511,concrete
2512,concrete
2513,concrete
2514,concrete
2515,concrete
2516,concrete
2517,concrete
2518,concrete
2519,concrete
2520,concrete
2521,concrete
2522,concrete
2523,concrete
2524,concrete
2525,concrete
2526,concrete
2527,concrete
2528,concrete
2529,concrete
2530,concrete
2531,concrete
2532,concrete
2533,concrete
2534,concrete
2535,concrete
2536,concrete
2537,concrete
2538,concrete
2539,concrete
2540,concrete
2541,concrete
2542,concrete
2543,concrete
2544,concrete
2545,concrete
2546,concrete
2547,concrete
2548,concrete
2549,concrete
2550,concrete
2551,concrete
2552,concrete
2553,concrete
2554,concrete
2555,concrete
2556,concrete
2557,concrete
2558,concrete
2559,concrete
2560,concrete
2561,concrete
2562,concrete
2563,concrete
2564,concrete
2565,concrete
2566,concrete
2567,concrete
2568,concrete
2569,concrete
2570,concrete
2571,concrete
2572,concrete
2573,concrete
2574,concrete
2575,concrete
2576,concrete
2577,concrete
2578,concrete
2579,concrete
2580,concrete
2581,concrete
2582,concrete
2583,concrete
2584,concrete
2585,concrete
2586,concrete
2587,concrete
2588,concrete
2589,concrete
2590,concrete
2591,concrete
2592,concrete
2593,concrete
2594,concrete
2595,concrete
2596,concrete
2597,concrete
2598,concrete
2599,concrete
2600,concrete
2601,concrete
2602,concrete
2603,concrete
2604,concrete
2605,concrete
2606,concrete
2607,concrete
2608,concrete
2609,concrete
2610,concrete
2611,concrete
2612,concrete
2613,concrete
2614,concrete
2615,concrete
2616,concrete
2617,concrete
2618,concrete
2619,concrete
2620,concrete
2621,concrete
2622,concrete
2623,concrete
2624,concrete
2625,concrete
2626,concrete
2627,concrete
2628,concrete
2629,concrete
2630,concrete
2631,concrete
2632,concrete
2633,concrete
2634,concrete
2635,concrete
2636,concrete
2637,concrete
2638,concrete
2639,concrete
2640,concrete
2641,concrete
2642,concrete
2643,concrete
2644,concrete
2645,concrete
2646,concrete
2647,concrete
2648,concrete
2649,concrete
2650,concrete
2651,concrete
2652,concrete
2653,concrete
2654,concrete
2655,concrete
2656,concrete
2657,concrete
2658,concrete
2659,concrete
2660,concrete
2661,concrete
2662,concrete
2663,concrete
2664,concrete
2665,concrete
2666,concrete
2667,concrete
2668,concrete
2669,concrete
2670,concrete
2671,concrete
2672,concrete
2673,concrete
2674,concrete
2675,concrete
2676,concrete
2677,concrete
2678,concrete
2679,concrete
2680,concrete
2681,concrete
2682,concrete
2683,concrete
2684,concrete
2685,concrete
2686,concrete
2687,concrete
2688,concrete
2689,concrete
2690,concrete
2691,concrete
2692,concrete
2693,concrete
2694,concrete
2695,concrete
2696,concrete
2697,concrete
2698,concrete
2699,concrete
2700,concrete
2701,concrete
2702,concrete
2703,concrete
2704,concrete
2705,concrete
2706,concrete
2707,concrete
2708,concrete
2709,concrete
2710,concrete
2711,concrete
2712,concrete
2713,concrete
2714,concrete
2715,concrete
2716,concrete
2717,concrete
2718,concrete
2719,concrete
2720,concrete
2721,concrete
2722,concrete
2723,concrete
2724,concrete
2725,concrete
2726,concrete
2727,concrete
2728,concrete
2729,concrete
2730,concrete
2731,concrete
2732,concrete
2733,concrete
2734,concrete
2735,concrete
2736,concrete
2737,concrete
2738,concrete
2739,concrete
2740,concrete
2741,concrete
2742,concrete
2743,concrete
2744,concrete
2745,concrete
2746,concrete
2747,concrete
2748,concrete
2749,concrete
2750,concrete
2751,concrete
2752,concrete
2753,concrete
2754,concrete
2755,concrete
2756,concrete
2757,concrete
2758,concrete
2759,concrete
2760,concrete
2761,concrete
2762,concrete
2763,concrete
2764,concrete
2765,concrete
2766,concrete
2767,concrete
2768,concrete
2769,concrete
2770,concrete
2771,concrete
2772,concrete
2773,concrete
2774,concrete
2775,concrete
2776,concrete
2777,concrete
2778,concrete
2779,concrete
2780,concrete
2781,concrete
2782,concrete
2783,concrete
2784,concrete
2785,concrete
2786,concrete
2787,concrete
2788,concrete
2789,concrete
2790,concrete
2791,concrete
2792,concrete
2793,concrete
2794,concrete
2795,concrete
2796,concrete
2797,concrete
2798,concrete
2799,concrete
2800,concrete
2801,concrete
2802,concrete
2803,concrete
2804,concrete
2805,concrete
2806,concrete
2807,concrete
2808,concrete
2809,concrete
2810,concrete
2811,concrete
2812,concrete
2813,concrete
2814,concrete
2815,concrete
2816,concrete
2817,concrete
2818,concrete
2819,concrete
2820,concrete
2821,concrete
2822,concrete
2823,concrete
2824,concrete
2825,concrete
2826,concrete
2827,concrete
2828,concrete
2829,concrete
2830,concrete
2831,concrete
2832,concrete
2833,concrete
2834,concrete
2835,concrete
2836,concrete
2837,concrete
2838,concrete
2839,concrete
2840,concrete
2841,concrete
2842,concrete
2843,concrete
2844,concrete
2845,concrete
2846,concrete
2847,concrete
2848,concrete
2849,concrete
2850,concrete
2851,concrete
2852,concrete
2853,concrete
2854,concrete
2855,concrete
2856,concrete
2857,concrete
2858,concrete
2859,concrete
2860,concrete
2861,concrete
2862,concrete
2863,concrete
2864,concrete
2865,concrete
2866,concrete
2867,concrete
2868,concrete
2869,concrete
2870,concrete
2871,concrete
2872,concrete
2873,concrete
2874,concrete
2875,concrete
2876,concrete
2877,concrete
2878,concrete
2879,concrete
2880,concrete
2881,concrete
2882,concrete
2883,concrete
2884,concrete
2885,concrete
2886,concrete
2887,concrete
2888,concrete
2889,concrete
2890,concrete
2891,concrete
2892,concrete
2893,concrete
2894,concrete
2895,concrete
2896,concrete
2897,concrete
2898,concrete
2899,concrete
2900,concrete
2901,concrete
2902,concrete
2903,concrete
2904,concrete
2905,concrete
2906,concrete
2907,concrete
2908,concrete
2909,concrete
2910,concrete
2911,concrete
2912,concrete
2913,concrete
2914,concrete
2915,concrete
2916,concrete
2917,concrete
2918,concrete
2919,concrete
2920,concrete
2921,concrete
2922,concrete
2923,concrete
2924,concrete
2925,concrete
2926,concrete
2927,concrete
2928,concrete
2929,concrete
2930,concrete
2931,concrete
2932,concrete
2933,concrete
2934,concrete
2935,concrete
2936,concrete
2937,concrete
2938,concrete
2939,concrete
2940,concrete
2941,concrete
2942,concrete
2943,concrete
2944,concrete
2945,concrete
2946,concrete
2947,concrete
2948,concrete
2949,concrete
2950,concrete
2951,concrete
2952,concrete
2953,concrete
2954,concrete
2955,concrete
2956,concrete
2957,concrete
2958,concrete
2959,concrete
2960,concrete
2961,concrete
2962,concrete
2963,concrete
2964,concrete
2965,concrete
2966,concrete
2967,concrete
2968,concrete
2969,concrete
2970,concrete
2971,concrete
2972,concrete
2973,concrete
2974,concrete
2975,concrete
2976,concrete
2977,concrete
2978,concrete
2979,concrete
2980,concrete
2981,concrete
2982,concrete
2983,concrete
2984,concrete
2985,concrete
2986,concrete
2987,concrete
2988,concrete
2989,concrete
2990,concrete
2991,concrete
2992,concrete
2993,concrete
2994,concrete
2995,concrete
2996,concrete
2997,concrete
2998,concrete
2999,concrete
3000,concrete
3001,concrete
3002,concrete
3003,concrete
3004,concrete
3005,concrete
3006,concrete
3007,concrete
3008,concrete
3009,concrete
3010,concrete
3011,concrete
3012,concrete
3013,concrete
3014,concrete
3015,concrete
3016,concrete
3017,concrete
3018,concrete
3019,concrete
3020,concrete
3021,concrete
3022,concrete
3023,concrete
3024,concrete
3025,concrete
3026,concrete
3027,concrete
3028,concrete
3029,concrete
3030,concrete
3031,concrete
3032,concrete
3033,concrete
3034,concrete
3035,concrete
3036,concrete
3037,concrete
3038,concrete
3039,concrete
3040,concrete
3041,concrete
3042,concrete
3043,concrete
3044,concrete
3045,concrete
3046,concrete
3047,concrete
3048,concrete
3049,concrete
3050,concrete
3051,concrete
3052,concrete
3053,concrete
3054,concrete
3055,concrete
3056,concrete
3057,concrete
3058,concrete
3059,concrete
3060,concrete
3061,concrete
3062,concrete
3063,concrete
3064,concrete
3065,concrete
3066,concrete
3067,concrete
3068,concrete
3069,concrete
3070,concrete
3071,concrete
3072,concrete
3073,concrete
3074,concrete
3075,concrete
3076,concrete
3077,concrete
3078,concrete
3079,concrete
3080,concrete
3081,concrete
3082,concrete
3083,concrete
3084,concrete
3085,concrete
3086,concrete
3087,concrete
3088,concrete
3089,concrete
3090,concrete
3091,concrete
3092,concrete
3093,concrete
3094,concrete
3095,concrete
3096,concrete
3097,concrete
3098,concrete
3099,concrete
3100,concrete
3101,concrete
3102,concrete
3103,concrete
3104,concrete
3105,concrete
3106,concrete
3107,concrete
3108,concrete
3109,concrete
3110,concrete
3111,concrete
3112,concrete
3113,concrete
3114,concrete
3115,concrete
3116,concrete
3117,concrete
3118,concrete
3119,concrete
3120,concrete
3121,concrete
3122,concrete
3123,concrete
3124,concrete
3125,concrete
3126,concrete
3127,concrete
3128,concrete
3129,concrete
3130,concrete
3131,concrete
3132,concrete
3133,concrete
3134,concrete
3135,concrete
3136,concrete
3137,concrete
3138,concrete
3139,concrete
3140,concrete
3141,concrete
3142,concrete
3143,concrete
3144,concrete
3145,concrete
3146,concrete
3147,concrete
3148,concrete
3149,concrete
3150,concrete
3151,concrete
3152,concrete
3153,concrete
3154,concrete
3155,concrete
3156,concrete
3157,concrete
3158,concrete
3159,concrete
3160,concrete
3161,concrete
3162,concrete
3163,concrete
3164,concrete
3165,concrete
3166,concrete
3167,concrete
3168,concrete
3169,concrete
3170,concrete
3171,concrete
3172,concrete
3173,concrete
3174,concrete
3175,concrete
3176,concrete
3177,concrete
3178,concrete
3179,concrete
3180,concrete
3181,concrete
3182,concrete
3183,concrete
3184,concrete
3185,concrete
3186,concrete
3187,concrete
3188,concrete
3189,concrete
3190,concrete
3191,concrete
3192,concrete
3193,concrete
3194,concrete
3195,concrete
3196,concrete
3197,concrete
3198,concrete
3199,concrete
3200,concrete
3201,concrete
3202,concrete
3203,concrete
3204,concrete
3205,concrete
3206,concrete
3207,concrete
3208,concrete
3209,concrete
3210,concrete
3211,concrete
3212,concrete
3213,concrete
3214,concrete
3215,concrete
3216,concrete
3217,concrete
3218,concrete
3219,concrete
3220,concrete
3221,concrete
3222,concrete
3223,concrete
3224,concrete
3225,concrete
3226,concrete
3227,concrete
3228,concrete
3229,concrete
3230,concrete
3231,concrete
3232,concrete
3233,concrete
3234,concrete
3235,concrete
3236,concrete
3237,concrete
3238,concrete
3239,concrete
3240,concrete
3241,concrete
3242,concrete
3243,concrete
3244,concrete
3245,concrete
3246,concrete
3247,concrete
3248,concrete
3249,concrete
3250,concrete
3251,concrete
3252,concrete
3253,concrete
3254,concrete
3255,concrete
3256,concrete
3257,concrete
3258,concrete
3259,concrete
3260,concrete
3261,concrete
3262,concrete
3263,concrete
3264,concrete
3265,concrete
3266,concrete
3267,concrete
3268,concrete
3269,concrete
3270,concrete
3271,concrete
3272,concrete
3273,concrete
3274,concrete
3275,concrete
3276,concrete
3277,concrete
3278,concrete
3279,concrete
3280,concrete
3281,concrete
3282,concrete
3283,concrete
3284,concrete
3285,concrete
3286,concrete
3287,concrete
3288,concrete
3289,concrete
3290,concrete
3291,concrete
3292,concrete
3293,concrete
3294,concrete
3295,concrete
3296,concrete
3297,concrete
3298,concrete
3299,concrete
3300,concrete
3301,concrete
3302,concrete
3303,concrete
3304,concrete
3305,concrete
3306,concrete
3307,concrete
3308,concrete
3309,concrete
3310,concrete
3311,concrete
3312,concrete
3313,concrete
3314,concrete
3315,concrete
3316,concrete
3317,concrete
3318,concrete
3319,concrete
3320,concrete
3321,concrete
3322,concrete
3323,concrete
3324,concrete
3325,concrete
3326,concrete
3327,concrete
3328,concrete
3329,concrete
3330,concrete
3331,concrete
3332,concrete
3333,concrete
3334,concrete
3335,concrete
3336,concrete
3337,concrete
3338,concrete
3339,concrete
3340,concrete
3341,concrete
3342,concrete
3343,concrete
3344,concrete
3345,concrete
3346,concrete
3347,concrete
3348,concrete
3349,concrete
3350,concrete
3351,concrete
3352,concrete
3353,concrete
3354,concrete
3355,concrete
3356,concrete
3357,concrete
3358,concrete
3359,concrete
3360,concrete
3361,concrete
3362,concrete
3363,concrete
3364,concrete
3365,concrete
3366,concrete
3367,concrete
3368,concrete
3369,concrete
3370,concrete
3371,concrete
3372,concrete
3373,concrete
3374,concrete
3375,concrete
3376,concrete
3377,concrete
3378,concrete
3379,concrete
3380,concrete
3381,concrete
3382,concrete
3383,concrete
3384,concrete
3385,concrete
3386,concrete
3387,concrete
3388,concrete
3389,concrete
3390,concrete
3391,concrete
3392,concrete
3393,concrete
3394,concrete
3395,concrete
3396,concrete
3397,concrete
3398,concrete
3399,concrete
3400,concrete
3401,concrete
3402,concrete
3403,concrete
3404,concrete
3405,concrete
3406,concrete
3407,concrete
3408,concrete
3409,concrete
3410,concrete
3411,concrete
3412,concrete
3413,concrete
3414,concrete
3415,concrete
3416,concrete
3417,concrete
3418,concrete
3419,concrete
3420,concrete
3421,concrete
3422,concrete
3423,concrete
3424,concrete
3425,concrete
3426,concrete
3427,concrete
3428,concrete
3429,concrete
3430,concrete
3431,concrete
3432,concrete
3433,concrete
3434,concrete
3435,concrete
3436,concrete
3437,concrete
3438,concrete
3439,concrete
3440,concrete
3441,concrete
3442,concrete
3443,concrete
3444,concrete
3445,concrete
3446,concrete
3447,concrete
3448,concrete
3449,concrete
3450,concrete
3451,concrete
3452,concrete
3453,concrete
3454,concrete
3455,concrete
3456,concrete
3457,concrete
3458,concrete
3459,concrete
3460,concrete
3461,concrete
3462,concrete
3463,concrete
3464,concrete
3465,concrete
3466,concrete
3467,concrete
3468,concrete
3469,concrete
3470,concrete
3471,concrete
3472,concrete
3473,concrete
3474,concrete
3475,concrete
3476,concrete
3477,concrete
3478,concrete
3479,concrete
3480,concrete
3481,concrete
3482,concrete
3483,concrete
3484,concrete
3485,concrete
3486,concrete
3487,concrete
3488,concrete
3489,concrete
3490,concrete
3491,concrete
3492,concrete
3493,concrete
3494,concrete
3495,concrete
3496,concrete
3497,concrete
3498,concrete
3499,concrete
3500,concrete
3501,concrete
3502,concrete
3503,concrete
3504,concrete
3505,concrete
3506,concrete
3507,concrete
3508,concrete
3509,concrete
3510,concrete
3511,concrete
3512,concrete
3513,concrete
3514,concrete
3515,concrete
3516,concrete
3517,concrete
3518,concrete
3519,concrete
3520,concrete
3521,concrete
3522,concrete
3523,concrete
3524,concrete
3525,concrete
3526,concrete
3527,concrete
3528,concrete
3529,concrete
3530,concrete
3531,concrete
3532,concrete
3533,concrete
3534,concrete
3535,concrete
3536,concrete
3537,concrete
3538,concrete
3539,concrete
3540,concrete
3541,concrete
3542,concrete
3543,concrete
3544,concrete
3545,concrete
3546,concrete
3547,concrete
3548,concrete
3549,concrete
3550,concrete
3551,concrete
3552,concrete
3553,concrete
3554,concrete
3555,concrete
3556,concrete
3557,concrete
3558,concrete
3559,concrete
3560,concrete
3561,concrete
3562,concrete
3563,concrete
3564,concrete
3565,concrete
3566,concrete
3567,concrete
3568,concrete
3569,concrete
3570,concrete
3571,concrete
3572,concrete
3573,concrete
3574,concrete
3575,concrete
3576,concrete
3577,concrete
3578,concrete
3579,concrete
3580,concrete
3581,concrete
3582,concrete
3583,concrete
3584,concrete
3585,concrete
3586,concrete
3587,concrete
3588,concrete
3589,concrete
3590,concrete
3591,concrete
3592,concrete
3593,concrete
3594,concrete
3595,concrete
3596,concrete
3597,concrete
3598,concrete
3599,concrete
3600,concrete
3601,concrete
3602,concrete
3603,concrete
3604,concrete
3605,concrete
3606,concrete
3607,concrete
3608,concrete
3609,concrete
3610,concrete
3611,concrete
3612,concrete
3613,concrete
3614,concrete
3615,concrete
3616,concrete
3617,concrete
3618,concrete
3619,concrete
3620,concrete
3621,concrete
3622,concrete
3623,concrete
3624,concrete
3625,concrete
3626,concrete
3627,concrete
3628,concrete
3629,concrete
3630,concrete
3631,concrete
3632,concrete
3633,concrete
3634,concrete
3635,concrete
3636,concrete
3637,concrete
3638,concrete
3639,concrete
3640,concrete
3641,concrete
3642,concrete
3643,concrete
3644,concrete
3645,concrete
3646,concrete
3647,concrete
3648,concrete
3649,concrete
3650,concrete
3651,concrete
3652,concrete
3653,concrete
3654,concrete
3655,concrete
3656,concrete
3657,concrete
3658,concrete
3659,concrete
3660,concrete
3661,concrete
3662,concrete
3663,concrete
3664,concrete
3665,concrete
3666,concrete
3667,concrete
3668,concrete
3669,concrete
3670,concrete
3671,concrete
3672,concrete
3673,concrete
3674,concrete
3675,concrete
3676,concrete
3677,concrete
3678,concrete
3679,concrete
3680,concrete
3681,concrete
3682,concrete
3683,concrete
3684,concrete
3685,concrete
3686,concrete
3687,concrete
3688,concrete
3689,concrete
3690,concrete
3691,concrete
3692,concrete
3693,concrete
3694,concrete
3695,concrete
3696,concrete
3697,concrete
3698,concrete
3699,concrete
3700,concrete
3701,concrete
3702,concrete
3703,concrete
3704,concrete
3705,concrete
3706,concrete
3707,concrete
3708,concrete
3709,concrete
3710,concrete
3711,concrete
3712,concrete
3713,concrete
3714,concrete
3715,concrete
3716,concrete
3717,concrete
3718,concrete
3719,concrete
3720,concrete
3721,concrete
3722,concrete
3723,concrete
3724,concrete
3725,concrete
3726,concrete
3727,concrete
3728,concrete
3729,concrete
3730,concrete
3731,concrete
3732,concrete
3733,concrete
3734,concrete
3735,concrete
3736,concrete
3737,concrete
3738,concrete
3739,concrete
3740,concrete
3741,concrete
3742,concrete
3743,concrete
3744,concrete
3745,concrete
3746,concrete
3747,concrete
3748,concrete
3749,concrete
3750,concrete
3751,concrete
3752,concrete
3753,concrete
3754,concrete
3755,concrete
3756,concrete
3757,concrete
3758,concrete
3759,concrete
3760,concrete
3761,concrete
3762,concrete
3763,concrete
3764,concrete
3765,concrete
3766,concrete
3767,concrete
3768,concrete
3769,concrete
3770,concrete
3771,concrete
3772,concrete
3773,concrete
3774,concrete
3775,concrete
3776,concrete
3777,concrete
3778,concrete
3779,concrete
3780,concrete
3781,concrete
3782,concrete
3783,concrete
3784,concrete
3785,concrete
3786,concrete
3787,concrete
3788,concrete
3789,concrete
3790,concrete
3791,concrete
3792,concrete
3793,concrete
3794,concrete
3795,concrete
3796,concrete
3797,concrete
3798,concrete
3799,concrete
3800,concrete
3801,concrete
3802,concrete
3803,concrete
3804,concrete
3805,concrete
3806,concrete
3807,concrete
3808,concrete
3809,concrete
3810,concrete
3811,concrete
3812,concrete
3813,concrete
3814,concrete
3815,concrete
